{
  "ID": "1000",
  "version": "0",
  "name": "自定义皮肤1",
  "size": "1.4M",
  "previewUrlStr": "http://down.youyuwo.com/youyujz/img/skin/forest/forest_small.png",
  "thumbUrlStr": "http://down.youyuwo.com/youyujz/img/skin/forest/forest_big.png",
  "previewUrlArr": [
    {
      "imgUrl": "http://down.youyuwo.com/youyujz/img/skin/forest/forest_1.png",
      "name": ""
    },
    {
      "imgUrl": "http://down.youyuwo.com/youyujz/img/skin/forest/forest_2.png",
      "name": ""
    },
    {
      "imgUrl": "http://down.youyuwo.com/youyujz/img/skin/forest/forest_3.png",
      "name": ""
    },
    {
      "imgUrl": "http://down.youyuwo.com/youyujz/img/skin/forest/forest_4.png",
      "name": ""
    },
    {
      "imgUrl": "http://down.youyuwo.com/youyujz/img/skin/forest/forest_5.png",
      "name": ""
    }
  ],
  "desc": "【皮肤说明】\n可爱的大熊猫，无论是睡是醒，是静是动都能萌到融化你，爱睡觉、啃竹子，每天过得乐逍遥~~\n\n【感谢有鱼记账资深用户“水泥工”投稿】\n若此皮肤侵犯到您的权益，请及时通知我们，我们将在第一时间下架\n\n【期待更多用户投稿】\n稿件请发至邮箱：liudongqi@youyuwo.com,记得要发PSD格式哟",
  "backgroundAlpha": 0.4,
  "needBlurOrNot": 0,
  "mainBackGroundColor": "#000000",
  "mainColor": "#ffffff",
  "secondaryColor": "#ffffffb2",
  "marcatoColor": "#FFBC28",
  "mainFillColor": "#4F4D4D",
  "secondaryFillColor": "#444444",
  "borderColor": "#D7D7D7",
  "buttonColor": "#FFBC28",
  "naviBarTitleColor": "#FFFFFF",
  "naviBarTintColor": "#F5B52A",
  "naviBarBackgroundColor": "#000000",
  "tabBarTitleColor": "#ffffff",
  "tabBarSelectedTitleColor": "#FFBC28",
  "tabBarBackgroundColor": "#000000",
  "tabBarShadowImageAlpha": 0.4,
  "cellSeparatorAlpha": 1,
  "cellSeparatorColor": "#999999",
  "cellIndicatorColor": "#999999",
  "cellSelectionStyle": 0,
  "statusBarStyle": 1,
  "moreHomeTitleColor": "#FFFFFF",
  "moreHomeSubtitleColor": "#ffffff66",
  "recordHomeBorderColor": "#D7D7D7",
  "recordHomeCalendarColor": "#ffffff",
  "recordHomeButtonBackgroundColor": "#FFFFFF",
  "recordHomeCategoryBackgroundColor": "#FFFFFF",
  "loginMainColor": "#ffffff",
  "loginSecondaryColor": "#ffffffb2",
  "loginButtonTitleColor": "#FFFFFF",
  "motionPasswordNormalColor": "#ffffff66",
  "motionPasswordHighlightedColor": "#ffffff",
  "motionPasswordErrorColor": "#f16a40",
  "reportFormsCurveIncomeColor": "#f3ed49",
  "reportFormsCurvePaymentColor": "#39c9c7",
  "reportFormsCurveIncomeFillColor": "#f3ed49",
  "reportFormsCurvePaymentFillColor": "#39c9c7",
  "recordMakingInputViewAlpha": 1,
  "bookKeepingHomeMutiButtonNormalColor": "#cccccc",
  "bookKeepingHomeMutiButtonSelectColor": "#f5b52a",
  "searchResultHeaderBackgroundColor": "#d75877",
  "summaryBooksHeaderColor": "#ff9797",
  "summaryBooksHeaderAlpha": 0.2,
  "financingDetailHeaderColor": "#000000",
  "financingDetailHeaderAlpha": 0.4,
  "financingDetailMainColor": "#ffffff",
  "financingDetailMainAlpha": 1,
  "financingDetailSecondaryColor": "#ffffff",
  "financingDetailSecondaryAlpha": 1,
  "throughScreenButtonBackGroudColor":"#000000",
  "throughScreenButtonAlpha":0.2
}