{
  "ID": "1000",
  "version": "1",
  "name": "自定义皮肤深色",
  "backgroundAlpha": 0.4,
  "needBlurOrNot": 0,
  "mainBackGroundColor": "#000000",
  "mainColor": "#ffffff",
  "secondaryColor": "#ffffffb2",
  "marcatoColor": "#FFBC28",
  "mainFillColor": "#4F4D4D",
  "secondaryFillColor": "#444444",
  "borderColor": "#D7D7D7",
  "buttonColor": "#FFBC28",
  "naviBarTitleColor": "#FFFFFF",
  "naviBarTintColor": "#F5B52A",
  "naviBarBackgroundColor": "#000000",
  "tabBarTitleColor": "#ffffff",
  "tabBarSelectedTitleColor": "#FFBC28",
  "tabBarBackgroundColor": "#000000",
  "tabBarShadowImageAlpha": 0.4,
  "cellSeparatorAlpha": 1,
  "cellSeparatorColor": "#999999",
  "cellIndicatorColor": "#999999",
  "cellSelectionStyle": 0,
  "statusBarStyle": 1,
  "moreHomeTitleColor": "#FFFFFF",
  "moreHomeSubtitleColor": "#ffffff66",
  "recordHomeBorderColor": "#D7D7D7",
  "recordHomeCalendarColor": "#ffffff",
  "recordHomeButtonBackgroundColor": "#FFFFFF",
  "recordHomeCategoryBackgroundColor": "#FFFFFF",
  "loginMainColor": "#ffffff",
  "loginSecondaryColor": "#ffffffb2",
  "loginButtonTitleColor": "#FFFFFF",
  "motionPasswordNormalColor": "#ffffffb2",
  "motionPasswordHighlightedColor": "#ffffff",
  "motionPasswordErrorColor": "#FFBC28",
  "reportFormsCurveIncomeColor": "#f3ed49",
  "reportFormsCurvePaymentColor": "#39c9c7",
  "reportFormsCurveIncomeFillColor": "#f3ed49",
  "reportFormsCurvePaymentFillColor": "#39c9c7",
  "recordMakingInputViewAlpha": 1,
  "bookKeepingHomeMutiButtonNormalColor": "#cccccc",
  "bookKeepingHomeMutiButtonSelectColor": "#f5b52a",
  "searchResultHeaderBackgroundColor": "#d75877",
  "summaryBooksHeaderColor": "#ff9797",
  "summaryBooksHeaderAlpha": 0.2,
  "financingDetailHeaderColor": "#444444",
  "financingDetailHeaderAlpha": 0.5,
  "financingDetailMainColor": "#ffffff",
  "financingDetailMainAlpha": 1,
  "financingDetailSecondaryColor": "#ffffff",
  "financingDetailSecondaryAlpha": 1,
  "throughScreenButtonBackGroudColor": "#444444",
  "throughScreenButtonAlpha": 1,
  "authCodeGroundColor": "#D7D7D7"
}