{
  "ID": "1001",
  "version": "0",
  "name": "自定义皮肤2",
  "size": "1.4M",
  "previewUrlStr": "http://down.youyuwo.com/youyujz/img/skin/forest/forest_small.png",
  "thumbUrlStr": "http://down.youyuwo.com/youyujz/img/skin/forest/forest_big.png",
  "previewUrlArr": [
    {
      "imgUrl": "http://down.youyuwo.com/youyujz/img/skin/forest/forest_1.png",
      "name": ""
    },
    {
      "imgUrl": "http://down.youyuwo.com/youyujz/img/skin/forest/forest_2.png",
      "name": ""
    },
    {
      "imgUrl": "http://down.youyuwo.com/youyujz/img/skin/forest/forest_3.png",
      "name": ""
    },
    {
      "imgUrl": "http://down.youyuwo.com/youyujz/img/skin/forest/forest_4.png",
      "name": ""
    },
    {
      "imgUrl": "http://down.youyuwo.com/youyujz/img/skin/forest/forest_5.png",
      "name": ""
    }
  ],
  "desc": "【皮肤说明】\n可爱的大熊猫，无论是睡是醒，是静是动都能萌到融化你，爱睡觉、啃竹子，每天过得乐逍遥~~\n\n【感谢有鱼记账资深用户“水泥工”投稿】\n若此皮肤侵犯到您的权益，请及时通知我们，我们将在第一时间下架\n\n【期待更多用户投稿】\n稿件请发至邮箱：liudongqi@youyuwo.com,记得要发PSD格式哟",
  "backgroundAlpha": 0.3,
  "needBlurOrNot": 0,
  "mainBackGroundColor": "#ffffff",
  "mainColor": "#333333",
  "secondaryColor": "#333333b2",
  "marcatoColor": "#eb4a64",
  "mainFillColor": "#113D2A",
  "secondaryFillColor": "#FFFFFF",
  "borderColor": "#336029",
  "buttonColor": "#9ee346",
  "naviBarTitleColor": "#FFFFFF",
  "naviBarTintColor": "#9ee346",
  "naviBarBackgroundColor": "#1d3b1b",
  "tabBarTitleColor": "#ffffff66",
  "tabBarSelectedTitleColor": "#9ee346",
  "tabBarBackgroundColor": "#1d3b1b",
  "tabBarShadowImageAlpha": 0,
  "cellSeparatorAlpha": 1,
  "cellSeparatorColor": "#999999",
  "cellIndicatorColor": "#999999",
  "cellSelectionStyle": 0,
  "statusBarStyle": 1,
  "moreHomeTitleColor": "#333333",
  "moreHomeSubtitleColor": "#333333b2",
  "recordHomeBorderColor": "#999999",
  "recordHomeCalendarColor": "#888888",
  "recordHomeButtonBackgroundColor": "#FFFFFF",
  "recordHomeCategoryBackgroundColor": "#FFFFFF",
  "loginMainColor": "#333333",
  "loginSecondaryColor": "#ffffff66",
  "loginButtonTitleColor": "#333333b2",
  "motionPasswordNormalColor": "#ffffff66",
  "motionPasswordHighlightedColor": "#ffffff",
  "motionPasswordErrorColor": "#f16a40",
  "reportFormsCurveIncomeColor": "#f56262",
  "reportFormsCurvePaymentColor": "#59ae65",
  "reportFormsCurveIncomeFillColor": "#fae5e5",
  "reportFormsCurvePaymentFillColor": "#e9f4ea",
  "recordMakingInputViewAlpha": 1,
  "bookKeepingHomeMutiButtonNormalColor": "#cccccc",
  "bookKeepingHomeMutiButtonSelectColor": "#f5b52a",
  "searchResultHeaderBackgroundColor": "#d75877",
  "summaryBooksHeaderColor": "#ff9797",
  "summaryBooksHeaderAlpha": 0.2,
  "financingDetailHeaderColor": "#ffffff",
  "financingDetailHeaderAlpha": 0.4,
  "financingDetailMainColor": "#333333",
  "financingDetailMainAlpha": 1,
  "financingDetailSecondaryColor": "#333333",
  "financingDetailSecondaryAlpha": 1
}